,R2,RMSE,MSE,MAE
0,-0.03235268592834473,0.11131738728054386,0.012391560710966587,0.03891351819038391
