,R2,RMSE,MSE,MAE
0,0.3188779950141907,0.13406762131110106,0.0179741270840168,0.09955618530511856
