,R2,RMSE,MSE,MAE
0,-0.08650732040405273,0.2501368743998464,0.06256845593452454,0.10415476560592651
