,R2,RMSE,MSE,MAE
0,-2.265349864959717,0.03526557375296138,0.0012436606921255589,0.026650747284293175
