,R2,RMSE,MSE,MAE
0,-1.0718879699707031,0.015832016693518438,0.00025065275258384645,0.012408369220793247
